GDP Real (USD),GDP growth (%),Per Capita,World Population,Net Change,Population change (%),CO2 emissions change,CO2 emissions per capita,Population Density (P/Km²),Fossil CO2 Emissions (tons) (lag1),CO2 emissions per capita (lag1),World Population (lag1),GDP Real (USD) (lag1),GDP growth (%) (lag1)
-1.0379891664588985,-0.4982778050819363,-1.1080938522013588,-1.0953834449921516,-0.035272171689068155,1.2343514106562519,-0.4375809413829948,-0.8670948892196042,-1.032063858181963,-1.0372336177798471,-0.6880583048879244,-1.09624578532537,-1.0092721150557677,-2.200723652528513
-0.7560157314759693,0.5285845052121426,-0.7625911163601652,-0.7452739215292685,1.4104991371296947,1.2737456046133662,0.8517501893068561,-0.5507224296394794,-0.735619984023314,-0.7955019063763151,-0.7571199191331824,-0.7527861946503229,-0.7571249177263307,0.06651960359309908
0.8867860201637043,1.1795418626307108,0.9985429118821093,0.8658051197964587,-0.07075402615325573,-0.9717234509421554,0.9785696447845463,0.9959873727522431,0.8948213238492554,0.8570532705960852,0.6241123657719475,0.8669629141008708,0.8111076510299232,0.7511339074004848
-1.0870280247167992,-1.1308983355309672,-1.078050136041255,-1.2628292499271105,-0.7526746562384146,1.1949572166991378,-1.7956059437899277,-0.23434997005935443,-1.328507732340612,-0.928240733469252,0.313335101668294,-1.2603859228114223,-1.046171704908856,-1.1033909155714212
-0.07560157314759708,0.711952774907514,-0.09590674823595731,0.12403359938900951,-0.43115656185782164,-0.42020473554255333,0.2123687679401677,-0.7967898982018001,0.15371163845263297,-0.18378738434506417,-0.8607123405010648,0.12623209165993668,-0.10523216365510364,0.3698297381913077
-0.17980914694563607,0.372721475971077,-0.2239502052040187,0.04184363724296887,-0.3395688924304129,-0.34141634762832496,0.20708462396193064,-0.8670948892196042,0.0054897013733084706,-0.2642336899428338,-0.9297739547463229,0.043522475518343984,-0.19133120664564307,-0.0461384464005216
1.1197205968887327,-1.0208773737137444,1.2410386208886615,1.0376771098907158,0.47856149139360016,-0.9323292569850412,-0.49570652514360286,1.277207336823466,1.04304326092858,1.2424126302687448,1.34925931534714,1.0363449100805586,1.1247541647811738,1.054444041998694
1.3771746027427114,0.15267955233663155,1.409855692645435,1.302397136140907,0.8992991833797187,-1.0111176448992703,0.8411819013503816,1.945104751492621,1.3394871350872288,1.5481303531306354,1.5909749652055383,1.29928322706891,1.3215519773309783,1.1844340996836402
-0.2656271488969623,-0.0673623712978139,-0.32981853833962255,-0.04078808110675924,-0.30847291475752503,-0.22323376575698176,0.7196465898509288,-0.9373998802374115,0.0054897013733084706,-0.38163135844687596,-1.136958797482091,-0.03933726772002423,-0.26513038635181974,0.16184564589539305
1.8859527571684311,-0.03985713084350806,1.8798252525784873,1.6596090953812594,0.8342156471063081,-1.2868770025990708,-1.008268491032601,1.6990372829303002,1.6359310092458779,1.9782112181810965,1.9362830364318193,1.6571461481363747,1.8258463719898521,-0.020140434863532116
-0.9583010217898098,1.3812469592956191,-0.9886343141361842,-1.01109148350242,0.004643138111492397,1.1161688287849094,0.8781709091980412,-0.6561799161661886,-1.032063858181963,-1.0129225883611932,-0.8607123405010648,-1.0120670665325031,-0.966222593560498,-0.4534406271466878
1.487512033822988,-0.44326732417332493,1.5049941271524303,1.3920842853098714,1.1232073179459012,-1.0111176448992703,-0.10996401473229499,1.945104751492621,1.3394871350872288,1.735335315756375,1.9017522293091917,1.3879739276280993,1.456850473458969,0.16184564589539305
0.3596182938912717,-0.7824986231097619,0.3604716067675241,0.5342702302093291,-0.41842755032503715,-0.8141466751136979,0.006287152788921017,-0.6913324116750907,0.5983774496906065,0.15506469085659944,-0.7225891120105519,0.5367940029619372,0.36216264115068186,-0.9734008578864748
-0.46178258192856514,-1.0575510276528188,-0.5107961618754858,-0.2920201361719731,0.5001971653705555,0.3282849496426202,-1.0294050669455492,-0.9022473847285094,-0.2909541727853405,-0.4233334964390687,-0.6189966906426694,-0.29471030964528966,-0.4311785406907172,-1.6840131732308499
1.2423177425334844,1.2345523435393218,1.274658969924968,1.2137899664945035,0.8527741632330701,-0.9717234509421554,2.4158568068650355,1.628732291912496,1.1912651980079045,1.2045595222762613,0.8312972085077154,1.2108171428982295,1.1493538913498995,-2.200723652528513
-0.8908725916851963,0.49191085127306855,-0.9078024111340002,-0.9248921032277921,0.4001011750841348,1.1161688287849094,-0.1311005906452434,-0.7264849071839928,-0.8838419211026385,-0.9038486638866664,-0.653527497765297,-0.9276956421221992,-0.8862734822121399,1.3230901612142503
-1.1176773111279872,-1.1859088164395786,-1.083057422067939,-1.3434684289417715,-1.1861053154049894,1.1161688287849094,-1.5049780249868876,0.3280899580830912,-1.328507732340612,-0.8825009555167896,0.7967664013850879,-1.3390085777121499,-1.076921363119763,0.8897899689310943
-0.6701977295246432,1.2620575839936277,-0.6395549454187878,-0.6536322393379732,1.5284333743994956,1.1949572166991378,1.068400092414577,-0.3046549610771617,-0.5873980469439896,-0.6812168931192027,-0.5499350763974113,-0.6616274911315362,-0.6833257380201541,0.5171518035675806
-0.33918543628381337,0.15267955233663155,-0.40921978819132543,-0.12356978516015908,-0.16867623304269244,-0.10505118388563851,-0.30547734192706744,-1.1483148532908272,-0.14273223570601604,-0.42029921835370465,-1.0678971832368358,-0.12287193008090638,-0.34507949770017776,-1.1380549309540737
0.0960344307550554,0.38188988945584584,0.09651610050375507,0.28717604501305055,-0.594372186135083,-0.6565698992852405,-0.43229679740475774,-0.9725523757463136,0.3019335755319575,-0.07325420502379341,-0.8952431476236954,0.29031631593834134,0.0731158539681566,-0.27145454638776234
-0.5905095848555545,0.5010792647578367,-0.5508544500889576,-0.5617987771157767,1.5681944143720912,1.0767746348277938,0.11197003235366298,-0.3046549610771617,-0.5873980469439896,-0.5479971950785321,-0.30821942653901596,-0.5698994173604938,-0.5972266950296147,1.2104321112206295
0.28606000650442065,-1.0483826141680503,0.3046761338987599,0.4520188720277023,-0.32788763872787824,-0.6959640932423546,-0.16280545451466596,-0.7264849071839928,0.45015551261128195,0.09908544689018509,-0.7225891120105519,0.4540279913365457,0.300663324728868,1.1931001035293036
-0.5046915829042282,-1.8001925199190723,-0.5301099794069811,-0.378702310964135,1.2579227758210905,0.7222268892137649,-0.49570652514360286,-0.6210274206572867,-0.43917610986466504,-0.4476451828020893,-0.4463426550295259,-0.3851323955088674,-0.45577826725944276,-0.37544659253572
-1.148326597539175,0.9228262850571907,-1.0859187283689014,-1.4220170352434,-1.7267051025911504,0.9979862469135655,0.6403844301773722,0.8202248952077296,-1.4767296694199366,-0.9774249341413139,0.658643172894575,-1.4150212913072375,-1.1384206795415768,0.8724579612397682
2.3273024814895376,-2.3468591739483977,2.1516493511699024,2.073389247357482,-1.8779743927004688,-2.1929434636127025,-2.4779210349797927,0.7147674086810203,2.0805968204838514,2.2484926433134667,1.6600365794507934,2.084410454934948,2.557688237409437,-0.4101106079183722
-1.2096251703615508,0.9044894580876536,-1.1846337957520994,-1.4979581583412893,-2.181547754782518,0.9191978589993371,0.5716905584602902,0.6796149131721182,-1.4767296694199366,-1.065613160021517,0.5205199444040619,-1.4888380872315103,-1.1999199959633906,0.7424679035548214
0.22476143368204474,1.2437207570240907,0.2667638254110099,0.3693308113087207,-0.4384535865108773,-0.6565698992852405,0.8834550531762785,-0.7264849071839928,0.3019335755319575,-0.04165990816538263,-0.9643047618689503,0.3717957768767396,0.1715147602430588,0.37849574203697106
